NC_000001.11:114713732-114713770(+)	CCTCATTTCCCCATAAAGATTCAGAACACAAAGATCAT
NC_000001.11:114713948-114713984(-)	CCCCAGGATTCTTACAGAAAACAAGTGGTTATAGAT
NC_000001.11:114714009-114714045(-)	TCCCTgtggtttttaataaaaattgaacttccctcc
NC_000001.11:114715969-114716009(+)	CCTTTAATACAGAATATGGGTAAAGATGATCCGACAAGTG
NC_000001.11:114716183-114716213(-)	GCTCGCCAATTAACCCTGATTACTGGTTTC
NC_000012.12:25209680-25209717(+)	GCATGGAGCAGGAAAAAAATTAGGTAATGCTAAAACA
NC_000012.12:25209749-25209794(+)	taccaCTTGTACTAGTATGCCTtaagaaaaaagtacaaattgTAT
NC_000012.12:25209831-25209876(+)	ttctttttaccatCTTTGCtcatcttttctttatgttttcgaATT
NC_000012.12:25209808-25209850(-)	GCAAAGatggtaaaaagaagaaaaagaagtcaaagacAAAGT
NC_000012.12:25209880-25209916(-)	TTCAGGGTGTTGATGATGCCTTCTATACATTAGTTC
NC_000012.12:25209948-25209984(-)	taatgAAATTTGTTACCTGTACACATGAAGCCATCg
NC_000012.12:25215343-25215376(+)	CTACACCTAAGTAGTTCTAAAGTGGTTGCCACC
NC_000012.12:25215370-25215403(+)	GCCACCTTGTTACCTTTAAAAGACATCTGCTTT
NC_000012.12:25215585-25215621(-)	TCCCAGTAAATTACTCTTACCAATGCAACAGACTTT
NC_000012.12:25215625-25215661(-)	aatctcaagctCATAATCTCAAACTTCTTGCACATG
NC_000012.12:25225575-25225617(+)	GCAGAAAACAGATCTGTATTTATTTCAGTGTTACTTACCTGT
NC_000012.12:25225610-25225646(+)	TACCTGTCTTGTCTTTGCTGATGTTTCAATAAAAGG
NC_000012.12:25225651-25225684(-)	CAAAACAGGCTCAGGACTTAGCAAGAAGTTATG
NC_000012.12:25225678-25225714(-)	AATGTGATTTGCCTTCTAGAACAGTAGACACAAAAC
NC_000012.12:25225801-25225842(-)	GTTGTGGACAGGTTTTGAAAGATATTTGTGTTACTAATGAC
NC_000012.12:25225825-25225861(-)	gcCAAATTTTATGACAAAAGTTGTGGACAGGTTTTG
NC_000012.12:25227292-25227316(+)	GCCCTCCCCAGTCCTCATGTACTG
NC_000012.12:25227310-25227338(+)	GTACTGGTCCCTCATTGCACTGTACTCC
NC_000012.12:25227301-25227328(-)	GCAATGAGGGACCAGTACATGAGGACT
NC_000012.12:25227323-25227351(-)	CAGCAGGTCAAGAGGAGTACAGTGCAAT
NC_000012.12:25227348-25227381(-)	gagaaacctgtctcttGGATATTCTCGACACAG
NC_000012.12:25227428-25227464(-)	TTGAAGTAAAAGGTGCACTGTAATAATCCAGACTGT
NC_000012.12:25235118-25235156(+)	CTGCTGAAAATGTCAATAATGTATTACTCGGGGATTTC
NC_000012.12:25235251-25235289(-)	CGGAAGAGTAACGTAAAGTACTTGAGCATTAATTGAGT
NC_000012.12:25245206-25245242(+)	GAGAAACCTTTATCTGTATCAAAGAATGGTCCTGCA
NC_000012.12:25245363-25245398(-)	aaggcCTGCTGAAAATGACTGAATATAAACTTGTG
NC_000012.12:25245433-25245474(-)	GGTGGAGTATTTGATAGTGTATTAACCTTATGTGTGACATG
NC_000012.12:25245466-25245501(-)	aaagGTGAGTTTGTATTAAAAGGTACTGGTGGAGT
NC_000017.11:7661838-7661866(+)	caacctcctcctccctggttaagagatc
NC_000017.11:7662000-7662025(+)	ccacctgccttggcctaaagagaga
NC_000017.11:7662010-7662038(-)	ctccgtctctctctctctctttaggcca
NC_000017.11:7666225-7666268(-)	aatatgttctatttttttatttagaaaacatttccggccaggc
NC_000017.11:7666280-7666318(-)	CCAATTTCCTCATGGCTTCAGTCTAAACTTGTAATTCA
NC_000017.11:7666303-7666339(-)	TGAGATCTGAAATCAAATCTCCCAATTTCCTCATGG
NC_000017.11:7669503-7669531(+)	GCACACCTATTGCAAGCAAGGGTTCAAA
NC_000017.11:7669523-7669553(+)	GGTTCAAAGACCCAAAACCCAAaatggcag
NC_000017.11:7669575-7669601(+)	aggcTGTCAGTGGGGAACAAGAAGTG
NC_000017.11:7669751-7669778(-)	GCCCTTCAAAGCATTGGTCAGGGAAAA
NC_000017.11:7670526-7670556(+)	GGCAGGATGAGAATGGAATCCTATGGCTTT
NC_000017.11:7670710-7670734(-)	CCCTCCTCTGTTGCTGCAGATCCG
NC_000017.11:7670755-7670796(-)	GTCAAACAATTGTAACTTGAACCATCTTTTAACTCAGGTAC
NC_000017.11:7670779-7670818(-)	GTTGCTTTTGTACCGTCATAAAGTCAAACAATTGTAACT
NC_000017.11:7673269-7673305(-)	gAGAGCATGAAAATGGTTCTATGACTTTGCCTGATA
NC_000017.11:7673302-7673340(-)	ggaccAGACCagctttcaaaaagaaaattgttaaagAG
NC_000017.11:7673353-7673394(-)	GTTGTAGCTAACTAACTTCAGAACACCAACTTAtaccataa
NC_000017.11:7673376-7673408(-)	GACAATGGCTCCTGGTTGTAGCTAACTAACTT
NC_000017.11:7673398-7673424(-)	GCAGTGATGCCTCAAAGACAATGGCT
NC_000017.11:7673439-7673467(+)	GCCCCAATTGCAGGTAAAACAGTCAAGA
NC_000017.11:7673468-7673503(+)	GAAAACGGCATTTTGAGTGTTAGACTGGAAACTTT
NC_000017.11:7673592-7673619(+)	GTGTTGTTGGGCAGTGCTaggaaagag
NC_000017.11:7673623-7673658(-)	CAGTTATGCCTCAGATTCACTTTTATCAcctttcc
NC_000017.11:7673651-7673677(-)	GTGGAGGAGACCAAGGGTGCAGTTAT
NC_000017.11:7673804-7673830(-)	CTACTGGGACGGAACAGCTTTGAGGT
NC_000017.11:7673858-7673887(-)	GGACCTGATTTCCTTACTGCCTCTTGCTT
NC_000017.11:7673892-7673925(-)	GGAGTAGATGGAGCCTGGTTTTTTAAATGGGAC
NC_000017.11:7674187-7674215(+)	CTTCCAGtgtgatgatggtgaggatggg
NC_000017.11:7674224-7674245(+)	CATGCCGCCCATGCAGGAACT
NC_000017.11:7674246-7674280(-)	ACTGTACCACCATCCACTACAACTACATGTGTAA
NC_000017.11:7674274-7674306(-)	CTGTGTTATCTCCTAGGTTGGCTCTGACTGTA
NC_000017.11:7674752-7674780(+)	GGAGGTCAAATAAGCAGCAGGAGAAAGC
NC_000017.11:7674798-7674823(+)	GAGGGCCACTGACAACCACCCTTAA
NC_000017.11:7674906-7674938(+)	GTCATCCAAATACTCCACACGCAAATTTCCTT
NC_000017.11:7674927-7674959(+)	CAAATTTCCTTCCACTCGGATAAGATGCTGAG
NC_000017.11:7674973-7675001(-)	GGCCTCTGATTCCTCACTGATTGCTCTT
NC_000017.11:7675040-7675065(+)	CCAGCTGCTCACCATCGCTATCTGA
NC_000017.11:7675165-7675189(-)	CCCTGTGCAGCTGTGGGTTGATTC
NC_000017.11:7675201-7675229(-)	CTGCCCTCAACAAGATGTTTTGCCAACT
NC_000017.11:7675259-7675292(-)	TTTATCTGTTCACTTGTGCCCTGACTTTCAACt
NC_000017.11:7675281-7675310(-)	ctgcCGTCTTCCAGTTGCTTTATCTGTTC
NC_000017.11:7675911-7675944(+)	CAAAGttccaaacaaaagaaatgcagGGGGATA
NC_000017.11:7675944-7675969(+)	CGGCCAGGCATTGAAGTCTCATGGA
NC_000017.11:7676005-7676032(+)	AGACTTGGCTGTCCCAGAATGCAAGAA
NC_000017.11:7676163-7676189(+)	CCTCTGGCATTCTGGGAGCTTCATCT
NC_000017.11:7676215-7676244(-)	ATTTGATGCTGTCCCCGGACGATATTGAA
NC_000017.11:7676269-7676299(-)	CTGACTGCTCTTTTCACCCATCTACAGTCC
NC_000017.11:7676371-7676403(-)	ACTTCCTGAAAACAACGTTCTGGTAAGGACAA
NC_000017.11:7676403-7676434(-)	ATGGGACTGACTTTCTGCTCTTGTCTTTCAG
NC_000017.11:7676432-7676460(-)	AGAGACCTGTGGGAAGCGAAAATTCCAT
NC_000017.11:7676505-7676536(-)	CAGACCTATGGAAACTGTGAGTGGATCCATT
NC_000017.11:7676527-7676559(-)	CCCTCTGAGTCAGGAAACATTTTCAGACCTAT
NC_000017.11:7676620-7676646(-)	GGATCCCCACTTTTCCTCTTGCAGCA
NC_000017.11:7676641-7676668(-)	AGGGTTGGAAGTGTCTCATGCTGGATC
NC_000017.11:58354893-58354920(+)	CCCAAACACATCTGGAGCACACTCTTG
NC_000017.11:58355007-58355034(-)	CTGGCCTGACCCTCAATGACCTCTTTC
NC_000017.11:58357238-58357266(-)	CTTTAGTTGGCAGATCACAGGGAGGTCC
NC_000017.11:58357259-58357284(-)	CTCTGCCAGGTGCTACCCCTTTAGT
NC_000017.11:58357313-58357345(+)	GATACGCTGTCCCGATGGTTAAGTATTTTGGT
NC_000017.11:58357292-58357319(-)	CGTATCATGCTGGCTAGAGTGCAGGAA
NC_000017.11:58357335-58357371(+)	GTATTTTGGTTGTCATCTCTGCTGTATCCTTCTCAG
NC_000017.11:58357325-58357361(-)	TACAGCAGAGATGACAACCAAAATACTTAACCATCG
NC_000017.11:58357357-58357388(-)	CAAAGGGTTGATGGAAGCTGAGAAGGATACA
NC_000017.11:58357379-58357407(-)	GACAGGTGAAGTCAGCCAACAAAGGGTT
NC_000017.11:58357418-58357445(+)	AGCTGTAGTCTCCTCTCCCTACCACAC
NC_000017.11:58357516-58357544(+)	CTCTGCGGTGTCAGAACTCCATTCAGAA
NC_000017.11:58357631-58357656(+)	GGGGTTTCTGGTAGCAGCCTCTTGT
NC_000017.11:58357607-58357634(-)	CCCAGGCCCCTGTTACTCAAATTCACA
NC_000017.11:58357730-58357755(-)	TGCACCCAGCTTGCCAGATTTTTCC
NC_000017.11:58357837-58357867(+)	GCTGGATTTTTGCAAGTTGAACAGACTGCT
NC_000017.11:58357850-58357877(-)	CCCCAGTACCAGCAGTCTGTTCAACTT
NC_000017.11:58357879-58357901(-)	CCCAGTTGACGCCTCCAGCATC
NC_000017.11:58357959-58357983(+)	GGGCTGCTGAGTTGGATCTGGTGA
NC_000017.11:58357967-58357996(-)	CCTGATCAGCAAGTCACCAGATCCAACTC
NC_000017.11:58358078-58358104(+)	CCATGCCACTGGAACCGCTTTTTGTA
NC_000017.11:58358090-58358115(-)	GGCACCACCACTACAAAAAGCGGTT
NC_000017.11:58358191-58358216(-)	GGACATGCAGCCTAGTGTGACCTCT
NC_000017.11:58358306-58358329(+)	ACCCCCTGTAGGCTGATGTCCGT
NC_000017.11:58358314-58358339(-)	GGTCAACTGCACGGACATCAGCCTA
NC_000017.11:58358333-58358359(-)	GGCTCTTCCAGTGACTCTGTGGTCAA
NC_000017.11:58358395-58358418(+)	ATCTGCCAGGTACCCACTGCGTT
NC_000017.11:58358412-58358441(+)	TGCGTTCTGTGCAATAGCTTTCTCCAGAT
NC_000017.11:58358423-58358453(-)	TGACAGCAGTGGATCTGGAGAAAGCTATTG
NC_000017.11:58358493-58358517(+)	GGTGCTGTGAGGTGGATTGGAGGT
NC_000017.11:58358689-58358711(-)	TGCCTACCTGTTGGGCCCTtcc
NC_000017.11:58358761-58358791(-)	TCTCGATCTTACCAAGAACCAGGTCGAAGA
NC_000017.11:58358777-58358802(-)	CCCTGGGACCCTCTCGATCTTACCA
NC_000017.11:58358853-58358891(-)	GTCTTTCTGAATGCATTCTCTGTAGGTTTGTAGAGTTA
NC_000017.11:58358872-58358906(-)	ATTAGCTACAGCCATGTCTTTCTGAATGCATTCT
NC_000017.11:58360083-58360112(+)	CAAAGGGAAGCCACATTCTAGACCTGTCT
NC_000017.11:58360210-58360240(-)	CATTTCCTGCCTCCATGAGTTCCATCGTAA
NC_000017.11:58360282-58360314(-)	CTGATTCCTGGCAATTCCTATGGCTACAGAAG
NC_000017.11:58360298-58360324(-)	GGGGGATGTCCTGATTCCTGGCAATT
NC_000017.11:58360729-58360756(+)	agcttcaATCTCCCCAGTCTGGTCATG
NC_000017.11:58360760-58360786(+)	TGAACCACAAGACCTGCCTTACCTGC
NC_000017.11:58360798-58360823(-)	CTGTGTGTGCCATCTGTCTGGAGGA
NC_000017.11:58361004-58361028(-)	ACTGGGAACGGAGTCCAAGCTTGG
NC_000017.11:58361025-58361054(-)	AACTGGCCATGTGATCTACCTGAGTGACT
NC_000017.11:58362425-58362461(+)	GATGTAAATGGTTCCATAGGTATAAAGGTGCCTTCT
NC_000017.11:58362445-58362477(+)	TATAAAGGTGCCTTCTTCACGtactccttcct
NC_000017.11:58362670-58362696(-)	CAGCTCATCCCGGAAGTATGACCCTT
NC_000017.11:58362698-58362724(-)	GGCTCCTGTGTTTCCTCCCGAATTGA
NC_000017.11:58363184-58363211(+)	CTCCAGGAGTCTAAGGGCTTTTGGTGG
NC_000017.11:58363211-58363239(+)	GAGTTGCCACAGGACAAAGTAGGGCTAA
NC_000017.11:58363291-58363318(+)	TCAGCTCAATCCTCACATGGGCCTTTT
NC_000017.11:58363490-58363513(+)	GCCCCCACCTTGAACACGCAAAT
NC_000017.11:58363465-58363493(-)	GGCTGGATGGAGGAAGATAAAGCTctca
NC_000017.11:58363541-58363570(-)	GCTGTCCTCTTTGACATCACTGAGGATCG
NC_000017.11:58363612-58363638(-)	CCTGACCTCAGCCCAACCTCTACTGT
NC_000017.11:58363674-58363706(-)	GGGCATAATCCTAGGAAGGGATAGATGTGTGA
NC_000017.11:58370989-58371016(-)	GTGCAATGCCAGTGATGACGACAATCT
NC_000017.11:58371005-58371027(-)	CCGCTGTACCTGTGCAATGCCA
NC_000017.11:58371085-58371119(-)	CCTAGAAAAATGGAGAGGTATATGGCTCTCACAG
NC_000017.11:58371106-58371134(-)	CCTGCCTGGTACCTCCCTAGAAAAATGG
NC_000017.11:58415233-58415264(+)	GAAGCCCGTGTATGGTATTTCATTTGggaga
NC_000017.11:58415258-58415296(+)	GggagacaaaagaagaaagacataTTTCAAACAGATGG
NC_000017.11:58415350-58415381(+)	GTTATTTCAGCAACACCAGCAAACACACCTT
NC_000017.11:58415368-58415402(+)	GCAAACACACCTTCCAAAGTGAGATTCAGTTTTC
NC_000017.11:58415599-58415635(-)	TGGTATTAGCTAGTGGAAGCAGTATGTATGGTTGAA
NC_000017.11:58415617-58415650(-)	CTGAGAACCTGCATTTGGTATTAGCTAGTGGAA
NC_000003.12:41224551-41224579(+)	ATGGAACCAGACAGAAAAGCGGCTGTTA
NC_000003.12:41224643-41224672(-)	CCTCAGGATTGCCTTTACCACTCAGAGAA
NC_000003.12:41224699-41224730(-)	GACTGAGAAAATCCCTGTTCCCACTCATACA
NC_000003.12:41224783-41224822(-)	ACACTAACTTTTTAGTTCTCAAAACTGCATTCTGACTTT
NC_000003.12:41227135-41227171(+)	GGTAATATGGCTCTTCTCAGACATGTGATCAAGATT
NC_000003.12:41227373-41227417(-)	GAAAAGTAATCTAATTAGAACTGCAGATGCTATACACAAGACTC
NC_000003.12:41227434-41227476(-)	CTGCAAACTGAATAGGACCATTTATTTTCAGTAGTTAAAGTT
NC_000003.12:41233228-41233264(+)	AAGTAAACTCTGGAAATACAGAAGGACACCTCCTAA
NC_000003.12:41233471-41233507(-)	GTCAGTACAAGCACATACTCATCTTGACTCTATTCC
NC_000003.12:41234073-41234115(+)	GGGAATTTTAGGGTAAGAAAATGATTTTGTTGAGTTGTATGC
NC_000003.12:41234334-41234370(-)	AAAGAAGTTCAGGATCCTTTGGATTTATGCATTCCT
NC_000003.12:179198860-179198888(+)	CATCCACTTGATGCCCCCAAGAATCCTA
NC_000003.12:179199123-179199156(-)	TTTCTTCACGGTTGCCTACTGGttcaattactt
NC_000003.12:179199218-179199260(-)	GGTTTAgacagaaatattttagaaagggACAACAGTTAAGCT
NC_000003.12:179199616-179199652(+)	CTGTTTGCAAAAAAAACATGTTCATGCTGTGTATGT
NC_000003.12:179203604-179203638(+)	GCCTTTATTCTCAACTGCCAATGGACTGTTTTAC
NC_000003.12:179203861-179203898(-)	CCTAACCATCTGAAAACATACTACAGGTCAACAGATT
NC_000003.12:179204439-179204476(+)	cgagtgtgtgcatatgtgtatgttgaGTGTATACATT
NC_000003.12:179204652-179204688(-)	ttgttgcccaggctggtctaaaaaaATATACTACTT
NC_000003.12:179210204-179210247(+)	GGGGAAATATAAACTTGTTTGATTACACAGACACTCTAGTATC
NC_000003.12:179210231-179210269(+)	CAGACACTCTAGTATCTGGAAAAATGGCTTTGAATCTT
NC_000003.12:179210232-179210268(+)	AGACACTCTAGTATCTGGAAAAATGGCTTTGAATCT
NC_000003.12:179210530-179210559(-)	TGCGTGGGAATAGCTAAATCCTGCTTCTC
NC_000003.12:179210602-179210645(-)	GATCCTTTTCCATAGAGAAAGTATCTACCTAAATCCACAGATT
NC_000003.12:179218299-179218332(-)	GTGACTCCATAGAAAATCTTTCTCCTGCTCAGT
NC_000003.12:179218400-179218444(-)	GCTTTATTTATTCCAATAGGTATGGTAAAAACATGCTGAGATCA
NC_000003.12:179219565-179219598(+)	CACAGATGTATTGCTTGGTAAAAGATTGGCCTC
NC_000003.12:179219660-179219695(-)	gttaaatatttttccaagcaCCGAACAGCAAAACC
NC_000003.12:179221090-179221126(+)	GGCAATGGAAAAGCTCATTAACTTAACTGACATTCT
NC_000003.12:179221152-179221187(-)	GAGTCTCAAACACAAACTAGAGTCACACACCTTTT
NC_000003.12:179229931-179229966(+)	ctgttttcttttctcaagttGGCCTGAATCACTAT
NC_000003.12:179229993-179230029(+)	TTCTTTGTAGATATGATGCAGCCATTGACCTGTTTA
NC_000003.12:179230408-179230450(-)	ctTGAAAAATATTGATTGTTTCTAATAGAGCAGCCAGAActc
NC_000003.12:179234035-179234070(+)	cctgaaggtATTAACATCATTTGCTCCAAACTGAC
NC_000003.12:179234131-179234169(+)	GACAGCATGCCAATCTCTTCATAAATCTTTTCTCAATG
NC_000003.12:179234197-179234233(-)	GGGTCTTTCGAATGTATGCAATGTCATCAAAAGATT
NC_000003.12:179234218-179234253(-)	CTCAGTTTTATCTAAGGCTAGGGTCTTTCGAATGT
NC_000003.12:179234390-179234423(-)	GAGTTATTAACAGTGCAGTGTGGAATCCAGAGT
NC_000005.10:112754795-112754830(+)	CTTTAcccctttctttaaaaacaagcaGCCACTAA
NC_000005.10:112754894-112754929(+)	CTGCAGCTTCATATGATCAGTTGTTAAAGCAAGTT
NC_000005.10:112754924-112754956(+)	AAGTTGAGGCACTGAAGATGGAGAACTCAAAT
NC_000005.10:112754977-112755012(-)	GCCTCAGTTTCCAGTTTTGTAAGATGATTGGAATT
NC_000005.10:112755073-112755115(-)	cttttaagTAAAGTGTCTTACCTCAAGTTTACAAGAGGGAAT
NC_000005.10:112766216-112766260(+)	GAGAGtgatctgaatttttttctcagcATACTTAAATGTCAAGA
NC_000005.10:112766374-112766414(-)	CTACCTTTAAGACGCTCTAATAAATCAATCTGTCCAGAAG
NC_000005.10:112766444-112766482(-)	CTTGGATCTACACACCTAAAGATGACAATTTgagctta
NC_000005.10:112766472-112766504(-)	ACCCAAATCGAGAGAAGCTGTACTTGGATCTA
NC_000005.10:112767194-112767230(+)	ACTTAGATAGCAGTAATTTCCCTGGAGTAAAACTGC
NC_000005.10:112767250-112767281(+)	TCTTATGGAAGCCGGGAAGGATCTGTATCAA
NC_000005.10:112767263-112767291(-)	CCAGAACGGCTTGATACAGATCCTTCCC
NC_000005.10:112767284-112767313(-)	CATAGGAACAGGACTGCACTCTCCAGAAC
NC_000005.10:112767412-112767452(-)	attacaaaataacaataaactgGAGTACACAAGGCAATGT
NC_000005.10:112767467-112767509(-)	gcaaaatgctctaaGTGTTAGCTATCACCTACTATAAATTca
NC_000005.10:112775547-112775583(+)	AACAACTGATGTAAGTATTGCTCTTCTGCAGTCTTT
NC_000005.10:112775566-112775604(+)	GCTCTTCTGCAGTCTTTATTAGCATTGTTTAAAcgtac
NC_000005.10:112775627-112775660(+)	ggtcattGCTTCTTGCTGAtcttgacaaagaag
NC_000005.10:112775652-112775688(+)	caaagaagaaaaggaaaaagactggTATTACGCTCA
NC_000005.10:112780673-112780715(+)	CCATGACTGACgtatttgcttattcattttctttattggtTC
NC_000005.10:112780785-112780821(+)	TTAGTTTTCCTTACAAACAGATATGACCAGAAGGCA
NC_000005.10:112780818-112780852(+)	GCAATTGGAATATGAAGCAAGGCAAATCAGAGTT
NC_000005.10:112780859-112780891(-)	TTCCATATCCTGGCAGGTACCTAGTTGTTCTT
NC_000005.10:112780884-112780920(-)	AGAAACAAGTAACTTACCTGTGCTCGTTTTTCCATA
NC_000005.10:112792353-112792387(+)	CCCTGAGCTTTTAAGTGGTAGCCATAGTATgatt
NC_000005.10:112792425-112792466(+)	ggtttcttgttttattttagcgAAGAATAGCCAGAATTCAG
NC_000005.10:112792451-112792487(+)	ATAGCCAGAATTCAGCAAATCGAAAAGGACATACTT
NC_000005.10:112792525-112792561(-)	ATACCCACAAACAAGAAAGGCAATTTACTAACCTCT
NC_000005.10:112801192-112801230(+)	ctttaaagcaaaaaaagaaaaaaagccttggGCTAAGA
NC_000005.10:112801223-112801256(+)	GCTAAGAAAGCCTACACCATTTTTGCATGTACT
NC_000005.10:112801259-112801295(+)	GTTAACTCCATCTTAACAGAGGTCATCTCAGAACAA
NC_000005.10:112801290-112801318(+)	AACAAGCATGAAACCGGCTCACATGATG
NC_000005.10:112815404-112815444(+)	CAGACACTTCATTTGGAGTACCTTAACATGATGTTATCTG
NC_000005.10:112815478-112815514(+)	TGTGCTTAATTTTTAGGGTTCAACTACACGAATGGA
NC_000005.10:112815573-112815608(-)	GTAATCTTCTGTTACCTTGGTTCCCAGATGACTTG
NC_000005.10:112815594-112815628(-)	GGCATTAGTGACCAGGGTTTGTAATCTTCTGTTA
NC_000005.10:112815621-112815656(-)	gccaagaatgtCTTAGCAAAGTAGTCATGGCATTA
NC_000005.10:112818846-112818884(+)	cggggggggttgttttgtttttttagagttATAGTAAA
NC_000005.10:112818887-112818923(+)	CCCATTCATCACTTAATTGGTTTTTGGCTTTTGGAT
NC_000005.10:112818960-112818994(+)	CACAGGTGGAAATGGTGTATTCATTGTTGTCAAT
NC_000005.10:112818989-112819025(+)	TCAATGCTTGGTACTCATGATAAGGATGATATGTCG
NC_000005.10:112819013-112819047(+)	GATGATATGTCGCGAACTTTGCTAGCTATGTCTA
NC_000005.10:112819105-112819141(+)	GCTTTTACATGGCAATGACAAAGACTCTGTATTGTT
NC_000005.10:112819236-112819271(+)	GTGAAATCCGAGTCCTTCATCTTTTGGAACAGATA
NC_000005.10:112819258-112819288(-)	GTTTCACAGTAAGCGCGTATCTGTTCCAAA
NC_000005.10:112819339-112819375(-)	TGCACTACGATGTACACTATAGAGAACATACTTGGA
NC_000005.10:112819366-112819406(-)	tgtttaaaaatttcacatttgCTTTGAAACATGCACTACG
NC_000005.10:112821785-112821821(+)	TCCGTGAATTAGGGTTATATTAGTGATCcctgcata
NC_000005.10:112821807-112821850(+)	GTGATCcctgcatatttttaaagtacaataaaCATCATTGCTC
NC_000005.10:112821863-112821902(+)	GCATTATGGtttatgttgattttatttttcagtgccAGC
NC_000005.10:112822020-112822062(-)	ACTGAATTTCTACCATGATTTAAAAATCCACCAGTAATTGTC
NC_000005.10:112827055-112827098(+)	gtttgttttattttagatgatTGTCTTTTTCCTCTTGCCCTTT
NC_000005.10:112827107-112827136(+)	GGGGACTACAGGCCATTGCAGAATTATTG
NC_000005.10:112827158-112827196(+)	GGCTTACTAATGACCACTACAGTATTACACTAAGACGA
NC_000005.10:112827124-112827159(-)	CCATACATTTCACAGTCCACTTGCAATAATTCTGC
NC_000005.10:112827177-112827213(+)	CAGTATTACACTAAGACGATATGCTGGAATGGCTTT
NC_000005.10:112827201-112827233(-)	CTCCAAAAGTCAAGTTTGTCAAAGCCATTCCA
NC_000005.10:112827839-112827881(+)	aaaactgaaTTAGACATTTAGTAGCCAAAAATAAAGCTTGGC
NC_000005.10:112827903-112827944(+)	CCTCTATTCTGTATTTAATTTACAGGCTACGCTATGCTCTA
NC_000005.10:112827930-112827960(+)	TACGCTATGCTCTATGAAAGGCTGCATGAG
NC_000005.10:112827990-112828028(-)	caggtgaaATTCTAAATAGTACCTGCTGTAAGTCTTCA
NC_000005.10:112828871-112828902(+)	TGAGGAATTTGTCTTGGCGAGCAGATGTAAA
NC_000005.10:112828883-112828918(+)	CTTGGCGAGCAGATGTAAATAGTAAAAAGACGTTG
NC_000005.10:112828922-112828955(-)	CACATTCCATCAATGCTTTCACACTTCCAACTT
NC_000005.10:112828939-112828977(-)	GGTACCTTTTTAACTTCTAAAGCACATTCCATCAATGC
NC_000005.10:112834834-112834876(+)	GGGACGGGCAATAGGATAGattaaaaaatagcttttattcAA
NC_000005.10:112834938-112834974(+)	GTTTCTTACTAGGAATCAACCCTCAAAAGCGTATTG
NC_000005.10:112834996-112835034(+)	CACATTGCACTGAGAATAAAGCTGATATATGTGCTGTA
NC_000005.10:112834986-112835020(-)	CAGCTTTATTCTCAGTGCAATGTGCTGACAAATT
NC_000005.10:112835040-112835072(+)	GCACTTGCATTTTTGGTTGGCACTCTTACTTA
NC_000005.10:112835074-112835107(+)	GGAGCCAGACAAACACTTTagccattattgaaa
NC_000005.10:112835063-112835095(-)	ctAAAGTGTTTGTCTGGCTCCGGTAAGTAAGA
NC_000005.10:112837476-112837518(+)	GTCTTCTATCCTTTTATTTGTTGTTACTGCATACACATTGTG
NC_000005.10:112837551-112837588(+)	GGCAAATCCTAAGAGAGAACAACTGTCTACAAACTTT
NC_000005.10:112837639-112837675(-)	TCTTTAGGATTTCTTGCTGAGAGATTCCACAAAGTT
NC_000005.10:112837701-112837736(+)	CAGTTAGCATGCTCAAGAACCTCATTCATTCAAAG
NC_000005.10:112837745-112837774(-)	CTTAAAGCTGCAGCACTTCCCATAGCAAT
NC_000005.10:112837812-112837842(-)	GCAAGCTTGAGCCAGGAGACATAATATTGG
NC_000005.10:112837853-112837890(-)	CATCTAATTCTGCTTCTAGGGCTTTTTGTTTCCTAAC
NC_000005.10:112837919-112837954(-)	CTACGATGAGATGCCTTGGGACTTAAATTGTCTAT
NC_000005.10:112837962-112838000(-)	GTCAAAAACATAATCACCATAGAGACTTTGCTTGTGTC
NC_000005.10:112838043-112838081(+)	GCAACATGACTGTCCTTTCACCATATTTGAATACTACA
NC_000005.10:112838029-112838065(-)	GGTGAAAGGACAGTCATGTTGCCAGTATTAAAATTG
NC_000005.10:112838100-112838138(+)	CATCAAGAGGAAGCTTAGATAGTTCTCGTTCTGAAAAA
NC_000005.10:112838075-112838105(-)	TGATGAAGAGGAGCTGGGTAACACTGTAGT
NC_000005.10:112838135-112838169(-)	CAATTCCGCGTTCTCTCTCCAAACTTCTATCTTT
NC_000005.10:112838190-112838223(-)	CTCGCTTTGAAGAAGTTCCTGGATTTTCTGTTG
NC_000005.10:112838270-112838300(+)	GAAGTGTCAGCCATTCATACCTCTCAGGAA
NC_000005.10:112838304-112838338(-)	ACACAATGTAATTCAGTGGTAGACCCAGAACTTC
NC_000005.10:112838328-112838364(-)	TTCTAAGTGCATTTCTCTCATCTGTCACACAATGTA
NC_000005.10:112838377-112838415(+)	CCATACACATTCAAACACTTACAATTTCACTAAGTCGG
NC_000005.10:112838430-112838472(+)	CATGTTCTATGCCTTATGCCAAATTAGAATACAAGAGATCTT
NC_000005.10:112838411-112838449(-)	GCATAAGGCATAGAACATGTCCTATTTGAATTTTCCGA
NC_000005.10:112838489-112838525(+)	AGTGTCAGTAGTAGTGATGGTTATGGTAAAAGAGGT
NC_000005.10:112838534-112838572(+)	CCCTCGATTGAATCCTATTCTGAAGATGATGAAAGTAA
NC_000005.10:112838509-112838545(-)	TCAATCGAGGGTTTCATTTGACCTCTTTTACCATAA
NC_000005.10:112838598-112838634(+)	CCGACCTAGCCCATAAAATACATAGTGCAAATCATA
NC_000005.10:112838679-112838715(+)	TTAAATATTCAGATGAGCAGTTGAACTCTGGAAGGC
NC_000005.10:112838714-112838745(+)	CAAAGTCCTTCACAGAATGAAAGATGGGCAA
NC_000005.10:112838781-112838817(+)	gtgaGCAAAGACAATCAAGGAATCAAAGTACAACTT
NC_000005.10:112838745-112838787(-)	GCtcactttgttttatttcatcttctaTTATGTGTTTGGGTC
NC_000005.10:112838828-112838860(+)	ACTGAGAGCACTGATGATAAACACCTCAAGTT
NC_000005.10:112838866-112838899(-)	TATGGAGAAACACATTCCTGCTGTCCAAAATGT
NC_000005.10:112838963-112838999(+)	AATGTAAGCCAGTCTTTGTGTCAAGAAGATGACTAT
NC_000005.10:112839048-112839084(+)	AGCatgaagaagaagagagaccAACAAATTATAGCA
NC_000005.10:112839013-112839051(-)	GCTGTTCTTCTTCAGAGTAACGTTCACTATAATTGGTA
NC_000005.10:112839094-112839126(-)	CAATAGGCTGATCCACATGACGTTTCTCTTCA
NC_000005.10:112839144-112839181(+)	CCACAGATATTCCTTCATCACAGAAACAGTCATTTTC
NC_000005.10:112839164-112839202(+)	CAGAAACAGTCATTTTCATTCTCAAAGAGTTCATCTGG
NC_000005.10:112839234-112839267(+)	GCAGTGAGAATACGTCCACACCTTCATCTAATG
NC_000005.10:112839206-112839239(-)	ACTGCTTGAAGACATATGTTCGGTTTTACTGCT
NC_000005.10:112839283-112839312(+)	GCTCCATCCAAGTTCTGCACAGAGTAGAA
NC_000005.10:112839320-112839348(+)	CCTCAAAAGGCTGCCACTTGCAAAGTTT
NC_000005.10:112839445-112839480(-)	CTTCCTGTGTCGTCTGATTACATCCTATTTCATCT
NC_000005.10:112839525-112839554(-)	CACAGGATCTTCAGCTGACCTAGTtccaa
NC_000005.10:112839602-112839635(+)	CTGCAGGGTTCTAGTTTATCTTCAGAATCAGCC
NC_000005.10:112839580-112839607(-)	TGCAGTCTGCTGGATTTGGTTCTAGGG
NC_000005.10:112839618-112839647(-)	AGCTTTGTGCCTGGCTGATTCTGAAGATA
NC_000005.10:112839639-112839673(-)	GATTTCGCTCCTGAAGAAAATTCAACAGCTTTGT
NC_000005.10:112839695-112839725(+)	ACACCCAAAAGTCCACCTGAACACTATGTT
NC_000005.10:112839722-112839750(+)	GTTCAGGAGACCCCACTCATGTTTAGCA
NC_000005.10:112839712-112839741(-)	TGAGTGGGGTCTCCTGAACATAGTGTTCA
NC_000005.10:112839746-112839782(+)	AGCAGATGTACTTCTGTCAGTTCACTTGATAGTTTT
NC_000005.10:112839766-112839800(-)	GGCAATCGAACGACTCTCAAAACTATCAAGTGAA
NC_000005.10:112839839-112839870(+)	GGCATTATAAGCCCCAGTGATCTTCCAGATA
NC_000005.10:112839926-112839958(+)	ACAGCTCAAACCAAGCGAGAAGTACCTAAAAA
NC_000005.10:112839966-112839998(-)	CTTAGGtccactctctctcttttcagcAGTAG
NC_000005.10:112840028-112840064(+)	GTCCAGGTTCTTCCAGATGCTGATACTTTATTACAT
NC_000005.10:112840093-112840121(-)	CAGAGCACTCAGGCTGGATGAACAAGAA
NC_000005.10:112840123-112840159(+)	CCTCGATGAGCCATTTATACAGAAAGATGTGGAATT
NC_000005.10:112840168-112840199(+)	GCCTCCAGTTCAGGAAAATGACAATGGGAAT
NC_000005.10:112840204-112840239(-)	gGTTTTCATTTGATTCTTTAGGCTGCTCTGATTCT
NC_000005.10:112840246-112840282(+)	agaggcagaaaaaacTATTGATTCTGAAAAGGACCT
NC_000005.10:112840316-112840354(-)	GACTTTGTTGGCATGGCAGAAATAATACATTCTTCTAG
NC_000005.10:112840461-112840493(+)	GGTTGCAACCCCAAAAGCATGTTAGTTTTACA
NC_000005.10:112840434-112840467(-)	GCAACCTGTTTTGTGATGGTAGAAGTTTGTACA
NC_000005.10:112840509-112840536(+)	CACGGGTGTATTGTGTTGAAGGGACAC
NC_000005.10:112840479-112840510(-)	GGCATATCATCCCCCGGTGTAAAACTAACAT
NC_000005.10:112840544-112840581(-)	CGATTGTTAGATCACTTAGAGATGTAGCTGTGGAAAA
NC_000005.10:112840565-112840598(-)	CTCATTTGGAGGGGATTCGATTGTTAGATCACT
NC_000005.10:112840632-112840668(+)	AGTCAGGTGAATTTGAAAAACGAGATACCATTCCTA
NC_000005.10:112840655-112840690(+)	GATACCATTCCTACAGAAGGCAGAAGTACAGATGA
NC_000005.10:112840737-112840773(+)	ACAATAAAGCAGAGGAAGGTGATATTCTTGCAGAAT
NC_000005.10:112840711-112840749(-)	CTGCTTTATTGTCATCCAATTCAGGTATGGTTACAGAT
NC_000005.10:112840779-112840809(-)	TGTGACTTTTCCCTTTGGGCATAGCAGAAT
NC_000005.10:112840864-112840900(+)	TTCTGCACCCAACAAAAATCAGTTAGAtggtaagaa
NC_000005.10:112840901-112840937(-)	TTGTGGTATAGGTTTTACTGGTGaagttggtttctt
NC_000005.10:112840940-112840978(-)	gagtctGCATTTTTTCTTACACGTGTCCTATATTCAGT
NC_000005.10:112840997-112841037(-)	tctgtttctttgaaTCTTTGTTGTCTGAGAAAACTCTCTc
NC_000005.10:112841069-112841105(+)	AAGCTCCCAAATAATGAAGATAGAGTCAGAGGAAGT
NC_000005.10:112841088-112841124(-)	GAGGTGAATCAAAAGCAAAACTTCCTCTGACTCTAT
NC_000005.10:112841144-112841182(+)	GGAACTCCTTACTGTTTTTCACGAAATGATTCTTTGAG
NC_000005.10:112841109-112841145(-)	CTTCAATAGGCGTGTAATGATGAGGTGAATCAAAAG
NC_000005.10:112841210-112841243(+)	gaccTTTCCAGGGAAAAGGCTGAATtaagaaag
NC_000005.10:112841187-112841223(-)	CCCTGGAAAggtcaacatcatcatcatcaaaatcTA
NC_000005.10:112841242-112841280(+)	ggcaaaagaaaataaggaatcaGAGGCTAAAGTTACCA
NC_000005.10:112841299-112841335(+)	CAACCAACAATCAGCTAATAAGACACAAGCTATTGC
NC_000005.10:112841358-112841393(+)	AGCCTAAACCCATACTTCAGAAACAATCCACTTTT
NC_000005.10:112841340-112841369(-)	GGGTTTAGGCTGACCTCGATTTATTGGCT
NC_000005.10:112841418-112841447(+)	ACAGAGGGGCAGCAACTGATGAAAAGTTA
NC_000005.10:112841501-112841536(-)	ttgttgttttcttggTCAATGTCACTGAGAGAACT
NC_000005.10:112841540-112841572(-)	GGGGGCTCAGTCTCTTTGATaggttcattttc
NC_000005.10:112841606-112841642(+)	TCAGGCTATGCTCCTAAATCATTTCATGTTGAAGAT
NC_000005.10:112841625-112841661(-)	TTGAGAAACAAACTGGGGTATCTTCAACATGAAATG
NC_000005.10:112841680-112841714(-)	CTGCAACAGGTCATCTTCAGAGTCAATACTAAGA
NC_000005.10:112841754-112841790(+)	caaGACTCAAGGGTGATAATGAAAAACATAGTCCCA
NC_000005.10:112841730-112841765(-)	CTTGAGTCttgaaggctttttcttttttggcattg
NC_000005.10:112841794-112841827(-)	AGTGTCAGATCTTCACCTAATATGCCACCCATA
NC_000005.10:112841866-112841902(+)	TCTATCCCCTGATTCAGAAAATTTTGATTGGAAAGC
NC_000005.10:112841853-112841889(-)	AATTTTCTGAATCAGGGGATAGACCATGTTCTGAAT
NC_000005.10:112841888-112841923(-)	GAATTTGCACCTTCCTGAATAGCTTTCCAATCAAA
NC_000005.10:112841980-112842014(+)	GTCTGATTCAGATTCCATCCTTTCCCTGAAATCA
NC_000005.10:112841959-112841996(-)	GGAATCTGAATCAGACGAAGCTTGTCTAGATAAacat
NC_000005.10:112842069-112842105(-)	CTGGTTTTAGAATTCGTGGGCCTTTATTACTTGTAA
NC_000005.10:112842092-112842128(-)	AGTTTCCAATGTACTTTTCTCCCCTGGTTTTAGAAT
NC_000005.10:112842205-112842241(+)	ATCTAATTCAGAAATTTCAGGCCAAATGAAACAGCC
NC_000005.10:112842190-112842228(-)	GGCCTGAAATTTCTGAATTAGATCGAACTTTTCCAGTA
NC_000005.10:112842258-112842291(+)	CTTCAATCTCTCGAGGCAGGACAATGATTCATA
NC_000005.10:112842245-112842274(-)	CCTCGAGAGATTGAAGGCATGTTTGCTTG
NC_000005.10:112842310-112842344(+)	CTCCTCAAGTACAAGTCCTGTTTCTAAAAAAGGC
NC_000005.10:112842278-112842314(-)	GGAGCTATTTCGAACTCCTGGAATATGAATCATTGT
NC_000005.10:112842331-112842361(-)	GGAGTCTTAAGGGGTGGGCCTTTTTTAGAA
NC_000005.10:112842411-112842443(+)	GAGCCAAGCCATCTGTGAAATCAGAATTAAGC
NC_000005.10:112842493-112842526(-)	CTTGAAGGGGTCGAATCTCTAGATCCTGATCTA
NC_000005.10:112842551-112842583(+)	CCTATACAGTCTCCTGGCCGAAACTCAATTTC
NC_000005.10:112842572-112842607(-)	GGACTTATTCCATTTCTACCAGGGGAAATTGAGTT
NC_000005.10:112842609-112842646(-)	GGGGATGATGTCCTTGGAAGTTGAGATAATTTGTTAG
NC_000005.10:112842651-112842682(+)	CTGCTTCAACTAAGTCCTCAGGTTCTGGAAA
NC_000005.10:112842702-112842734(+)	GTAGACAGATGAGCCAACAGAACCTTACCAAA
NC_000005.10:112842719-112842755(+)	CAGAACCTTACCAAACAAACAGGTTTATCCAAGAAT
NC_000005.10:112842686-112842720(-)	GTTGGCTCATCTGTCTACCTGGAGATGTATATGA
NC_000005.10:112842741-112842779(-)	CTCACTTCTTGGAATACTACTGGCATTCTTGGATAAAC
NC_000005.10:112842894-112842929(+)	GACCTGTATTAGTACGCCAGTCAACTTTCATCAAA
NC_000005.10:112842921-112842951(-)	TTAAGGTTGGGCTTGGAGCTTCTTTGATGA
NC_000005.10:112842974-112843010(-)	AGCTGGTCTAGATGATGGAGAAAGAGATTCAAATGA
NC_000005.10:112843049-112843083(+)	CCTTCCCTTCCTGATATGTCTCTATCCACACATT
NC_000005.10:112843033-112843067(-)	CATATCAGGAAGGGAAGGACTTAAAACTGGAGTT
NC_000005.10:112843113-112843151(+)	TCCCACCTAATCTCAGTCCCACTATAGAGTATAATGAT
NC_000005.10:112843131-112843167(-)	GCTTTGCTGGTCTTCCATCATTATACTCTATAGTGG
NC_000005.10:112843172-112843206(+)	GATATTGCACGGTCTCATTCTGAAAGTCCTTCTA
NC_000005.10:112843152-112843180(-)	GCAATATCATGGCGCTTTGCTGGTCTTC
NC_000005.10:112843238-112843266(+)	CGTGAGCACAGCAAACATTCATCATCCC
NC_000005.10:112843270-112843300(-)	CTTCCAGTTCTTCTCCAAGTGCTTACTCGA
NC_000005.10:112843323-112843358(+)	CATCAGAATCCAGTGAAAAAGCAAAAAGTGAGGAT
NC_000005.10:112843349-112843385(+)	AGTGAGGATGAAAAACATGTGAACTCTATTTCAGGA
NC_000005.10:112843395-112843430(-)	ccatgttcCTTTTGCGGATACTTGGTTTTCTTTAC
NC_000005.10:112843468-112843497(+)	TACTTCTCAGACCGTTTCCTCAGGTGCTA
NC_000005.10:112843490-112843524(+)	GGTGCTACAAATGGTGCTGAATCAAAGACTCTAA
NC_000005.10:112843513-112843549(-)	GAAACAGCAGGTGCCATTTGATAAATTAGAGTCTTT
NC_000005.10:112843579-112843614(+)	GGACTGTCCCATTAACAATCCTAGATCTGGAAGAT
NC_000005.10:112843553-112843583(-)	GTCCTCAATTCTCACCCAAACATCCTCTGT
NC_000005.10:112843639-112843674(+)	GATTGACAGTgtttcagaaaaggcaaatccaaACA
NC_000005.10:112843685-112843721(-)	GCCATTACCCACATTTTGTTTTGCCTGATTATCTTT
NC_000005.10:112843742-112843774(+)	GGTTTGGAAAATCGCCTGAACTCCTTTATTCA
NC_000005.10:112843825-112843861(+)	TCCTGTCCCTGTATCAGAGACTAATGAAAGTTCTAT
NC_000005.10:112843842-112843878(-)	ATGGGGTACGTTCCACTATAGAACTTTCATTAGTCT
NC_000005.10:112843885-112843914(+)	TAGCAGCTCAAGCAAACACAGTTCACCTA
NC_000005.10:112843922-112843955(+)	GTTGCTGCCAGAGTGACTCCTTTTAATTACAAC
NC_000005.10:112843940-112843973(-)	GCTTTTCCTAGGGCTTGGGTTGTAATTAAAAGG
NC_000005.10:112843998-112844031(+)	CATCTCAGATCCCAACTCCAGTGAATAACAACA
NC_000005.10:112844018-112844054(+)	GTGAATAACAACACAAAGAAGCGAGATTCCAAAACT
NC_000007.14:140753188-140753223(+)	GTTGAGACCTTCAATGACTTTCTAGTAACTCAGCA
NC_000007.14:140753415-140753451(-)	ATGCTTGCTCTGATAGGAAAATGAGATCTACTGTTT
